Invoice ID,Branch,City,Customer type,Gender,Product line,Unit price,Quantity,Tax 5%,Total,Date,Time,Payment,cogs,gross margin percentage,gross income,Rating
189-98-2939,Ameerpet,Hyderabad,Non-Member,Female,Electronic accessories,15.69,3,2.3535,49.4235,3/1/2019,14:13,Credit/Debit card,47.07,4.761904762,2.3535,5.8
453-63-6187,Gurgaon,Banglore,Non-Member,Female,Electronic accessories,99.69,1,4.9845,104.6745,3/1/2019,10:23,Credit/Debit card,99.69,4.761904762,4.9845,8
153-58-4872,Ameerpet,Hyderabad,Member,Female,Fashion accessories,88.15,3,13.2225,277.6725,3/1/2019,10:11,UPI,264.45,4.761904762,13.2225,7.9
220-28-1851,Ameerpet,Hyderabad,Member,Female,Sports and travel,27.93,5,6.9825,146.6325,3/1/2019,15:48,Cash,139.65,4.761904762,6.9825,5.9
339-96-8318,Ameerpet,Hyderabad,Member,Male,Fashion accessories,55.45,1,2.7725,58.2225,3/1/2019,17:46,Credit/Debit card,55.45,4.761904762,2.7725,4.9
207-73-1363,Jayanagar,Mumbai,Non-Member,Female,Sports and travel,42.97,3,6.4455,135.3555,3/1/2019,11:46,Cash,128.91,4.761904762,6.4455,9.3
470-31-3286,Gurgaon,Banglore,Member,Male,Sports and travel,17.14,7,5.999,125.979,3/1/2019,12:07,Credit/Debit card,119.98,4.761904762,5.999,7.9
811-03-8790,Jayanagar,Mumbai,Member,Female,Fashion accessories,58.75,6,17.625,370.125,3/1/2019,18:14,Credit/Debit card,352.5,4.761904762,17.625,5.9
247-11-2470,Gurgaon,Banglore,Member,Female,Food and beverages,87.1,10,43.55,914.55,3/1/2019,14:45,Credit/Debit card,871,4.761904762,43.55,9.9
238-45-6950,Gurgaon,Banglore,Non-Member,Female,Sports and travel,98.8,2,9.88,207.48,3/1/2019,11:39,Cash,197.6,4.761904762,9.88,7.7
549-59-1358,Ameerpet,Hyderabad,Non-Member,Female,Fashion accessories,48.63,4,9.726,204.246,3/2/2019,15:44,UPI,194.52,4.761904762,9.726,7.6
225-98-1496,Jayanagar,Mumbai,Member,Male,Food and beverages,57.74,3,8.661,181.881,3/2/2019,13:06,UPI,173.22,4.761904762,8.661,7.7
817-69-8206,Jayanagar,Mumbai,Non-Member,Female,Health and beauty,17.97,4,3.594,75.474,3/2/2019,20:43,UPI,71.88,4.761904762,3.594,6.4
346-84-3103,Gurgaon,Banglore,Member,Female,Health and beauty,47.71,6,14.313,300.573,3/2/2019,14:19,UPI,286.26,4.761904762,14.313,4.4
883-17-4236,Jayanagar,Mumbai,Non-Member,Female,Sports and travel,40.62,2,4.062,85.302,3/2/2019,10:01,Credit/Debit card,81.24,4.761904762,4.062,4.1
565-67-6697,Ameerpet,Hyderabad,Member,Male,Fashion accessories,56.04,10,28.02,588.42,3/2/2019,19:30,UPI,560.4,4.761904762,28.02,4.4
878-30-2331,Jayanagar,Mumbai,Member,Male,Food and beverages,93.4,2,9.34,196.14,3/2/2019,16:34,Cash,186.8,4.761904762,9.34,5.5
408-26-9866,Jayanagar,Mumbai,Non-Member,Female,Health and beauty,73.41,3,11.0115,231.2415,3/2/2019,13:10,UPI,220.23,4.761904762,11.0115,4
576-31-4774,Gurgaon,Banglore,Non-Member,Male,Health and beauty,33.64,8,13.456,282.576,3/2/2019,17:10,Credit/Debit card,269.12,4.761904762,13.456,9.3
640-48-5028,Ameerpet,Hyderabad,Non-Member,Female,Electronic accessories,45.48,10,22.74,477.54,3/2/2019,10:22,Credit/Debit card,454.8,4.761904762,22.74,4.8
860-73-6466,Jayanagar,Mumbai,Member,Male,Fashion accessories,83.77,2,8.377,175.917,3/2/2019,19:57,Cash,167.54,4.761904762,8.377,4.6
607-76-6216,Jayanagar,Mumbai,Member,Female,Sports and travel,64.08,7,22.428,470.988,3/2/2019,19:29,Credit/Debit card,448.56,4.761904762,22.428,7.3
725-54-0677,Ameerpet,Hyderabad,Member,Female,Food and beverages,73.47,4,14.694,308.574,3/2/2019,18:30,Cash,293.88,4.761904762,14.694,6
636-98-3364,Gurgaon,Banglore,Non-Member,Male,Health and beauty,58.95,10,29.475,618.975,3/2/2019,14:27,UPI,589.5,4.761904762,29.475,8.1
825-94-5922,Ameerpet,Hyderabad,Member,Male,Food and beverages,48.5,6,14.55,305.55,3/2/2019,13:57,UPI,291,4.761904762,14.55,9.4
720-72-2436,Jayanagar,Mumbai,Member,Female,Electronic accessories,39.48,1,1.974,41.454,3/2/2019,19:43,Cash,39.48,4.761904762,1.974,6.5
172-42-8274,Jayanagar,Mumbai,Non-Member,Female,Sports and travel,34.81,1,1.7405,36.5505,3/2/2019,10:11,Credit/Debit card,34.81,4.761904762,1.7405,7
303-96-2227,Gurgaon,Banglore,Non-Member,Female,Fashion accessories,49.32,6,14.796,310.716,3/2/2019,13:46,UPI,295.92,4.761904762,14.796,7.1
631-41-3108,Ameerpet,Hyderabad,Member,Male,Fashion accessories,21.48,2,2.148,45.108,3/3/2019,12:22,UPI,42.96,4.761904762,2.148,6.6
777-82-7220,Jayanagar,Mumbai,Member,Female,Sports and travel,23.08,6,6.924,145.404,3/3/2019,19:20,UPI,138.48,4.761904762,6.924,4.9
861-77-0145,Jayanagar,Mumbai,Member,Female,Home and lifestyle,49.1,2,4.91,103.11,3/3/2019,12:58,Credit/Debit card,98.2,4.761904762,4.91,6.4
733-33-4967,Jayanagar,Mumbai,Member,Female,Sports and travel,64.83,2,6.483,136.143,3/3/2019,11:59,Credit/Debit card,129.66,4.761904762,6.483,8
175-54-2529,Ameerpet,Hyderabad,Member,Male,Home and lifestyle,63.56,10,31.78,667.38,3/3/2019,17:59,Cash,635.6,4.761904762,31.78,4.3
305-14-0245,Gurgaon,Banglore,Member,Male,Sports and travel,72.88,2,7.288,153.048,3/3/2019,12:51,Cash,145.76,4.761904762,7.288,6.1
211-05-0490,Ameerpet,Hyderabad,Non-Member,Female,Food and beverages,67.1,3,10.065,211.365,3/3/2019,10:36,Cash,201.3,4.761904762,10.065,7.5
568-88-3448,Gurgaon,Banglore,Member,Female,Sports and travel,70.19,9,31.5855,663.2955,3/3/2019,13:38,Cash,631.71,4.761904762,31.5855,6.7
234-03-4040,Gurgaon,Banglore,Member,Male,Food and beverages,55.04,7,19.264,404.544,3/3/2019,19:39,UPI,385.28,4.761904762,19.264,5.2
302-15-2162,Ameerpet,Hyderabad,Member,Male,Health and beauty,48.63,10,24.315,510.615,3/3/2019,12:44,Cash,486.3,4.761904762,24.315,8.8
610-46-4100,Gurgaon,Banglore,Member,Female,Fashion accessories,73.38,7,25.683,539.343,3/3/2019,13:56,Cash,513.66,4.761904762,25.683,9.5
468-99-7231,Gurgaon,Banglore,Non-Member,Female,Food and beverages,52.6,9,23.67,497.07,3/3/2019,14:42,Cash,473.4,4.761904762,23.67,7.6
651-96-5970,Ameerpet,Hyderabad,Member,Female,Home and lifestyle,87.37,5,21.8425,458.6925,3/3/2019,19:45,Cash,436.85,4.761904762,21.8425,6.6
324-41-6833,Ameerpet,Hyderabad,Member,Female,Sports and travel,27.04,4,5.408,113.568,3/3/2019,20:26,UPI,108.16,4.761904762,5.408,6.9
228-96-1411,Jayanagar,Mumbai,Non-Member,Male,Home and lifestyle,62.19,4,12.438,261.198,3/4/2019,19:46,UPI,248.76,4.761904762,12.438,4.3
586-25-0848,Ameerpet,Hyderabad,Member,Male,Electronic accessories,69.58,9,31.311,657.531,3/4/2019,19:38,Credit/Debit card,626.22,4.761904762,31.311,7.8
667-92-0055,Gurgaon,Banglore,Non-Member,Male,Home and lifestyle,97.5,10,48.75,1023.75,3/4/2019,16:18,UPI,975,4.761904762,48.75,8
320-49-6392,Gurgaon,Banglore,Non-Member,Female,Fashion accessories,60.41,8,24.164,507.444,3/4/2019,12:23,UPI,483.28,4.761904762,24.164,9.6
346-12-3257,Jayanagar,Mumbai,Non-Member,Male,Food and beverages,32.32,3,4.848,101.808,3/4/2019,19:11,Credit/Debit card,96.96,4.761904762,4.848,4.3
256-08-8343,Jayanagar,Mumbai,Member,Female,Fashion accessories,19.77,10,9.885,207.585,3/4/2019,18:57,Credit/Debit card,197.7,4.761904762,9.885,5
227-50-3718,Jayanagar,Mumbai,Member,Male,Health and beauty,80.47,9,36.2115,760.4415,3/4/2019,11:18,Cash,724.23,4.761904762,36.2115,9.2
689-05-1884,Jayanagar,Mumbai,Member,Female,Home and lifestyle,88.39,9,39.7755,835.2855,3/4/2019,12:40,Cash,795.51,4.761904762,39.7755,6.3
759-29-9521,Jayanagar,Mumbai,Non-Member,Male,Health and beauty,71.77,7,25.1195,527.5095,3/4/2019,14:06,Cash,502.39,4.761904762,25.1195,8.9
276-75-6884,Jayanagar,Mumbai,Non-Member,Female,Electronic accessories,43,4,8.6,180.6,3/4/2019,20:48,UPI,172,4.761904762,8.6,7.6
558-60-5016,Gurgaon,Banglore,Member,Male,Food and beverages,68.98,1,3.449,72.429,3/4/2019,20:13,Cash,68.98,4.761904762,3.449,4.8
221-25-5073,Gurgaon,Banglore,Non-Member,Male,Fashion accessories,15.62,8,6.248,131.208,3/4/2019,20:37,UPI,124.96,4.761904762,6.248,9.1
371-85-5789,Ameerpet,Hyderabad,Non-Member,Male,Sports and travel,25.7,3,3.855,80.955,3/5/2019,17:59,UPI,77.1,4.761904762,3.855,6.1
510-95-6347,Ameerpet,Hyderabad,Member,Male,Food and beverages,80.62,6,24.186,507.906,3/5/2019,20:18,Cash,483.72,4.761904762,24.186,9.1
829-49-1914,Gurgaon,Banglore,Member,Female,Home and lifestyle,75.53,4,15.106,317.226,3/5/2019,15:52,UPI,302.12,4.761904762,15.106,8.3
730-50-9884,Gurgaon,Banglore,Non-Member,Female,Electronic accessories,77.63,9,34.9335,733.6035,3/5/2019,15:14,UPI,698.67,4.761904762,34.9335,7.2
733-01-9107,Gurgaon,Banglore,Non-Member,Female,Health and beauty,13.85,9,6.2325,130.8825,3/5/2019,12:50,UPI,124.65,4.761904762,6.2325,6
291-32-1427,Gurgaon,Banglore,Member,Male,Fashion accessories,98.7,8,39.48,829.08,3/5/2019,10:36,UPI,789.6,4.761904762,39.48,8.5
895-66-0685,Ameerpet,Hyderabad,Non-Member,Female,Health and beauty,35.68,5,8.92,187.32,3/5/2019,18:33,Credit/Debit card,178.4,4.761904762,8.92,6.6
755-12-3214,Ameerpet,Hyderabad,Member,Female,Fashion accessories,71.46,7,25.011,525.231,3/5/2019,16:06,UPI,500.22,4.761904762,25.011,4.5
848-42-2560,Ameerpet,Hyderabad,Member,Male,Electronic accessories,11.94,3,1.791,37.611,3/5/2019,12:47,Credit/Debit card,35.82,4.761904762,1.791,8.1
433-75-6987,Ameerpet,Hyderabad,Non-Member,Male,Fashion accessories,45.38,3,6.807,142.947,3/5/2019,13:34,Credit/Debit card,136.14,4.761904762,6.807,7.2
793-10-3222,Jayanagar,Mumbai,Member,Female,Fashion accessories,17.48,6,5.244,110.124,3/5/2019,15:04,Credit/Debit card,104.88,4.761904762,5.244,6.1
608-04-3797,Jayanagar,Mumbai,Non-Member,Female,Fashion accessories,25.56,7,8.946,187.866,3/5/2019,20:42,Cash,178.92,4.761904762,8.946,7.1
148-82-2527,Gurgaon,Banglore,Member,Female,Sports and travel,90.63,9,40.7835,856.4535,3/5/2019,15:28,Cash,815.67,4.761904762,40.7835,5.1
655-07-2265,Jayanagar,Mumbai,Non-Member,Male,Home and lifestyle,44.12,3,6.618,138.978,3/5/2019,13:45,Credit/Debit card,132.36,4.761904762,6.618,7.9
174-64-0215,Gurgaon,Banglore,Member,Female,Food and beverages,36.77,7,12.8695,270.2595,3/5/2019,20:10,Cash,257.39,4.761904762,12.8695,7.4
593-14-4239,Jayanagar,Mumbai,Member,Male,Food and beverages,23.34,4,4.668,98.028,3/5/2019,18:53,UPI,93.36,4.761904762,4.668,7.4
102-77-2261,Gurgaon,Banglore,Member,Female,Health and beauty,28.5,8,11.4,239.4,3/5/2019,14:24,Cash,228,4.761904762,11.4,6.6
199-75-8169,Gurgaon,Banglore,Member,Male,Home and lifestyle,55.57,3,8.3355,175.0455,3/6/2019,11:42,Credit/Debit card,166.71,4.761904762,8.3355,5.9
802-70-5316,Jayanagar,Mumbai,Non-Member,Male,Sports and travel,69.74,10,34.87,732.27,3/6/2019,17:49,Credit/Debit card,697.4,4.761904762,34.87,8.9
262-47-2794,Gurgaon,Banglore,Non-Member,Male,Fashion accessories,97.26,4,19.452,408.492,3/6/2019,15:33,UPI,389.04,4.761904762,19.452,6.8
468-01-2051,Jayanagar,Mumbai,Member,Female,Home and lifestyle,52.18,7,18.263,383.523,3/6/2019,10:54,Cash,365.26,4.761904762,18.263,9.3
783-09-1637,Ameerpet,Hyderabad,Member,Female,Fashion accessories,22.32,4,4.464,93.744,3/6/2019,16:23,Credit/Debit card,89.28,4.761904762,4.464,4.4
523-38-0215,Ameerpet,Hyderabad,Non-Member,Male,Health and beauty,56,3,8.4,176.4,3/6/2019,19:33,UPI,168,4.761904762,8.4,4.8
254-31-0042,Ameerpet,Hyderabad,Member,Male,Fashion accessories,19.7,1,0.985,20.685,3/6/2019,11:39,UPI,19.7,4.761904762,0.985,9.5
885-17-6250,Jayanagar,Mumbai,Non-Member,Male,Electronic accessories,75.88,7,26.558,557.718,3/6/2019,10:38,UPI,531.16,4.761904762,26.558,8.9
149-15-7606,Jayanagar,Mumbai,Member,Male,Food and beverages,53.72,1,2.686,56.406,3/6/2019,20:03,UPI,53.72,4.761904762,2.686,6.4
715-20-1673,Gurgaon,Banglore,Member,Male,Health and beauty,81.95,10,40.975,860.475,3/6/2019,12:39,Credit/Debit card,819.5,4.761904762,40.975,6
883-69-1285,Gurgaon,Banglore,Member,Female,Home and lifestyle,81.2,7,28.42,596.82,3/6/2019,15:59,Credit/Debit card,568.4,4.761904762,28.42,8.1
242-55-6721,Gurgaon,Banglore,Non-Member,Male,Electronic accessories,58.76,10,29.38,616.98,3/7/2019,14:26,UPI,587.6,4.761904762,29.38,9
307-85-2293,Jayanagar,Mumbai,Member,Male,Electronic accessories,91.56,8,36.624,769.104,3/7/2019,18:22,UPI,732.48,4.761904762,36.624,6
821-07-3596,Ameerpet,Hyderabad,Non-Member,Male,Home and lifestyle,93.96,9,42.282,887.922,3/7/2019,11:32,Cash,845.64,4.761904762,42.282,9.8
423-64-4619,Gurgaon,Banglore,Non-Member,Male,Home and lifestyle,55.61,7,19.4635,408.7335,3/7/2019,12:41,Cash,389.27,4.761904762,19.4635,8.5
471-41-2823,Gurgaon,Banglore,Non-Member,Male,Food and beverages,84.83,1,4.2415,89.0715,3/7/2019,15:20,UPI,84.83,4.761904762,4.2415,8.8
598-47-9715,Ameerpet,Hyderabad,Member,Female,Sports and travel,71.63,2,7.163,150.423,3/7/2019,14:33,UPI,143.26,4.761904762,7.163,8.8
643-38-7867,Ameerpet,Hyderabad,Member,Male,Home and lifestyle,37.69,2,3.769,79.149,3/7/2019,15:29,UPI,75.38,4.761904762,3.769,9.5
399-69-4630,Gurgaon,Banglore,Member,Female,Sports and travel,31.67,8,12.668,266.028,3/7/2019,16:19,Credit/Debit card,253.36,4.761904762,12.668,5.6
748-45-2862,Gurgaon,Banglore,Member,Female,Food and beverages,38.42,1,1.921,40.341,3/7/2019,16:33,Cash,38.42,4.761904762,1.921,8.6
226-31-3081,Jayanagar,Mumbai,Member,Male,Fashion accessories,65.23,10,32.615,684.915,3/8/2019,19:07,Credit/Debit card,652.3,4.761904762,32.615,5.2
594-34-4444,Gurgaon,Banglore,Member,Female,Home and lifestyle,10.53,5,2.6325,55.2825,3/8/2019,14:43,Credit/Debit card,52.65,4.761904762,2.6325,5.8
483-71-1164,Jayanagar,Mumbai,Member,Female,Home and lifestyle,12.29,9,5.5305,116.1405,3/8/2019,19:28,Credit/Debit card,110.61,4.761904762,5.5305,8
458-41-1477,Gurgaon,Banglore,Member,Male,Health and beauty,81.23,7,28.4305,597.0405,3/8/2019,20:44,Cash,568.61,4.761904762,28.4305,9
563-91-7120,Jayanagar,Mumbai,Member,Female,Fashion accessories,22.32,4,4.464,93.744,3/8/2019,11:16,UPI,89.28,4.761904762,4.464,4.1
632-90-0281,Ameerpet,Hyderabad,Non-Member,Female,Food and beverages,27.28,5,6.82,143.22,3/8/2019,10:31,Credit/Debit card,136.4,4.761904762,6.82,8.6
325-77-6186,Ameerpet,Hyderabad,Member,Female,Electronic accessories,17.42,10,8.71,182.91,3/8/2019,12:30,UPI,174.2,4.761904762,8.71,7
574-57-9721,Jayanagar,Mumbai,Non-Member,Male,Home and lifestyle,73.28,5,18.32,384.72,3/8/2019,15:05,UPI,366.4,4.761904762,18.32,8.4
345-08-4992,Gurgaon,Banglore,Member,Female,Fashion accessories,84.87,3,12.7305,267.3405,3/8/2019,18:30,UPI,254.61,4.761904762,12.7305,7.4
549-96-4200,Ameerpet,Hyderabad,Non-Member,Female,Fashion accessories,97.29,8,38.916,817.236,3/8/2019,13:18,Credit/Debit card,778.32,4.761904762,38.916,6.2
364-33-8584,Jayanagar,Mumbai,Member,Female,Electronic accessories,35.74,8,14.296,300.216,3/8/2019,15:28,UPI,285.92,4.761904762,14.296,4.9
529-56-3974,Ameerpet,Hyderabad,Non-Member,Female,Home and lifestyle,96.52,6,28.956,608.076,3/9/2019,11:52,Cash,579.12,4.761904762,28.956,4.5
132-32-9879,Ameerpet,Hyderabad,Member,Male,Food and beverages,18.85,10,9.425,197.925,3/9/2019,18:24,UPI,188.5,4.761904762,9.425,5.6
841-35-6630,Ameerpet,Hyderabad,Non-Member,Female,Food and beverages,55.39,4,11.078,232.638,3/9/2019,15:19,UPI,221.56,4.761904762,11.078,8
360-39-5055,Jayanagar,Mumbai,Member,Female,Food and beverages,77.2,10,38.6,810.6,3/9/2019,10:38,Credit/Debit card,772,4.761904762,38.6,5.6
219-22-9386,Jayanagar,Mumbai,Non-Member,Male,Electronic accessories,72.13,10,36.065,757.365,3/9/2019,15:12,Credit/Debit card,721.3,4.761904762,36.065,4.2
268-27-6179,Ameerpet,Hyderabad,Member,Female,Fashion accessories,63.88,8,25.552,536.592,3/9/2019,17:48,UPI,511.04,4.761904762,25.552,9.9
157-13-5295,Ameerpet,Hyderabad,Member,Female,Health and beauty,10.69,5,2.6725,56.1225,3/9/2019,11:07,UPI,53.45,4.761904762,2.6725,7.6
815-11-1168,Ameerpet,Hyderabad,Member,Male,Health and beauty,55.5,4,11.1,233.1,3/9/2019,15:48,Credit/Debit card,222,4.761904762,11.1,6.6
308-47-4913,Jayanagar,Mumbai,Non-Member,Female,Home and lifestyle,95.46,8,38.184,801.864,3/9/2019,19:40,UPI,763.68,4.761904762,38.184,4.7
489-64-4354,Gurgaon,Banglore,Non-Member,Female,Fashion accessories,76.06,3,11.409,239.589,3/9/2019,20:30,Credit/Debit card,228.18,4.761904762,11.409,9.8
616-87-0016,Jayanagar,Mumbai,Non-Member,Male,Sports and travel,13.69,6,4.107,86.247,3/9/2019,13:59,Cash,82.14,4.761904762,4.107,6.3
127-47-6963,Jayanagar,Mumbai,Non-Member,Female,Electronic accessories,95.64,4,19.128,401.688,3/9/2019,18:51,Cash,382.56,4.761904762,19.128,7.9
277-35-5865,Ameerpet,Hyderabad,Non-Member,Female,Home and lifestyle,11.43,6,3.429,72.009,3/9/2019,17:24,Cash,68.58,4.761904762,3.429,7.7
816-57-2053,Jayanagar,Mumbai,Member,Female,Sports and travel,95.54,4,19.108,401.268,3/9/2019,11:58,UPI,382.16,4.761904762,19.108,4.5
299-29-0180,Gurgaon,Banglore,Member,Female,Health and beauty,85.87,7,30.0545,631.1445,3/9/2019,19:01,Credit/Debit card,601.09,4.761904762,30.0545,8
652-43-6591,Gurgaon,Banglore,Member,Female,Sports and travel,67.99,7,23.7965,499.7265,3/9/2019,16:50,UPI,475.93,4.761904762,23.7965,5.7
189-17-4241,Gurgaon,Banglore,Non-Member,Female,Food and beverages,52.42,1,2.621,55.041,3/10/2019,10:22,Credit/Debit card,52.42,4.761904762,2.621,6.3
129-29-8530,Gurgaon,Banglore,Member,Male,Food and beverages,65.65,2,6.565,137.865,3/10/2019,16:46,Cash,131.3,4.761904762,6.565,6
668-90-8900,Jayanagar,Mumbai,Non-Member,Female,Food and beverages,28.86,5,7.215,151.515,3/10/2019,18:08,Credit/Debit card,144.3,4.761904762,7.215,8
790-29-1172,Gurgaon,Banglore,Member,Male,Health and beauty,65.31,7,22.8585,480.0285,3/10/2019,18:02,Credit/Debit card,457.17,4.761904762,22.8585,4.2
596-42-3999,Jayanagar,Mumbai,Non-Member,Male,Sports and travel,93.38,1,4.669,98.049,3/10/2019,13:07,Cash,93.38,4.761904762,4.669,9.6
696-90-2548,Gurgaon,Banglore,Member,Male,Sports and travel,25.25,5,6.3125,132.5625,3/10/2019,17:52,Cash,126.25,4.761904762,6.3125,6.1
453-12-7053,Jayanagar,Mumbai,Member,Male,Electronic accessories,87.87,9,39.5415,830.3715,3/10/2019,20:32,UPI,790.83,4.761904762,39.5415,5.6
239-48-4278,Gurgaon,Banglore,Non-Member,Male,Health and beauty,21.8,8,8.72,183.12,3/10/2019,19:24,Cash,174.4,4.761904762,8.72,8.3
607-65-2441,Ameerpet,Hyderabad,Non-Member,Female,Sports and travel,94.76,4,18.952,397.992,3/10/2019,16:06,UPI,379.04,4.761904762,18.952,7.8
246-55-6923,Ameerpet,Hyderabad,Member,Female,Fashion accessories,30.62,1,1.531,32.151,3/10/2019,14:14,Credit/Debit card,30.62,4.761904762,1.531,4.1
156-20-0370,Gurgaon,Banglore,Non-Member,Female,Home and lifestyle,44.01,8,17.604,369.684,3/10/2019,17:36,Cash,352.08,4.761904762,17.604,8.8
745-74-0715,Gurgaon,Banglore,Member,Female,Health and beauty,10.16,5,2.54,53.34,3/10/2019,13:08,UPI,50.8,4.761904762,2.54,4.1
656-95-9349,Ameerpet,Hyderabad,Non-Member,Male,Electronic accessories,74.58,7,26.103,548.163,3/11/2019,16:09,Credit/Debit card,522.06,4.761904762,26.103,9
319-50-3348,Gurgaon,Banglore,Non-Member,Male,Electronic accessories,71.89,8,28.756,603.876,3/11/2019,11:33,UPI,575.12,4.761904762,28.756,5.5
584-86-7256,Gurgaon,Banglore,Non-Member,Female,Health and beauty,10.99,5,2.7475,57.6975,3/11/2019,10:18,Credit/Debit card,54.95,4.761904762,2.7475,9.3
891-58-8335,Gurgaon,Banglore,Member,Male,Health and beauty,60.47,3,9.0705,190.4805,3/11/2019,10:55,Credit/Debit card,181.41,4.761904762,9.0705,5.6
721-86-6247,Ameerpet,Hyderabad,Non-Member,Male,Sports and travel,58.91,7,20.6185,432.9885,3/11/2019,15:15,UPI,412.37,4.761904762,20.6185,9.7
448-81-5016,Ameerpet,Hyderabad,Non-Member,Male,Fashion accessories,46.41,1,2.3205,48.7305,3/11/2019,20:06,Credit/Debit card,46.41,4.761904762,2.3205,4
704-20-4138,Gurgaon,Banglore,Member,Male,Health and beauty,68.55,4,13.71,287.91,3/11/2019,20:21,Credit/Debit card,274.2,4.761904762,13.71,9.2
689-16-9784,Jayanagar,Mumbai,Non-Member,Female,Home and lifestyle,97.37,10,48.685,1022.385,3/11/2019,13:48,Credit/Debit card,973.7,4.761904762,48.685,4.9
892-05-6689,Ameerpet,Hyderabad,Member,Male,Electronic accessories,92.6,7,32.41,680.61,3/11/2019,12:52,Credit/Debit card,648.2,4.761904762,32.41,9.3
749-81-8133,Ameerpet,Hyderabad,Non-Member,Female,Electronic accessories,46.61,2,4.661,97.881,3/11/2019,12:28,Credit/Debit card,93.22,4.761904762,4.661,6.6
214-30-2776,Jayanagar,Mumbai,Non-Member,Male,Fashion accessories,27.18,2,2.718,57.078,3/11/2019,16:26,UPI,54.36,4.761904762,2.718,4.3
120-06-4233,Gurgaon,Banglore,Member,Female,Home and lifestyle,60.87,1,3.0435,63.9135,3/12/2019,13:24,Cash,60.87,4.761904762,3.0435,5.5
152-08-9985,Ameerpet,Hyderabad,Member,Female,Sports and travel,24.49,10,12.245,257.145,3/12/2019,15:15,Cash,244.9,4.761904762,12.245,8.1
699-01-4164,Jayanagar,Mumbai,Non-Member,Male,Health and beauty,92.78,1,4.639,97.419,3/12/2019,10:50,Credit/Debit card,92.78,4.761904762,4.639,9.8
545-46-3100,Gurgaon,Banglore,Member,Male,Home and lifestyle,86.69,5,21.6725,455.1225,3/12/2019,18:38,UPI,433.45,4.761904762,21.6725,9.4
253-12-6086,Jayanagar,Mumbai,Non-Member,Male,Sports and travel,23.01,6,6.903,144.963,3/12/2019,16:45,UPI,138.06,4.761904762,6.903,7.9
565-17-3836,Gurgaon,Banglore,Member,Female,Electronic accessories,30.2,8,12.08,253.68,3/12/2019,19:30,UPI,241.6,4.761904762,12.08,5.1
573-10-3877,Gurgaon,Banglore,Member,Male,Fashion accessories,67.39,7,23.5865,495.3165,3/12/2019,13:23,UPI,471.73,4.761904762,23.5865,6.9
276-54-0879,Ameerpet,Hyderabad,Member,Female,Fashion accessories,48.96,9,22.032,462.672,3/12/2019,11:27,Cash,440.64,4.761904762,22.032,8
719-76-3868,Jayanagar,Mumbai,Member,Female,Electronic accessories,75.59,9,34.0155,714.3255,3/12/2019,11:12,Cash,680.31,4.761904762,34.0155,8
651-61-0874,Ameerpet,Hyderabad,Non-Member,Female,Home and lifestyle,77.47,4,15.494,325.374,3/12/2019,16:36,Cash,309.88,4.761904762,15.494,4.2
266-20-6657,Ameerpet,Hyderabad,Non-Member,Female,Sports and travel,93.18,2,9.318,195.678,3/12/2019,18:41,Credit/Debit card,186.36,4.761904762,9.318,8.5
427-45-9297,Ameerpet,Hyderabad,Non-Member,Female,Electronic accessories,50.23,4,10.046,210.966,3/12/2019,17:12,Cash,200.92,4.761904762,10.046,9
877-22-3308,Jayanagar,Mumbai,Non-Member,Female,Health and beauty,17.75,1,0.8875,18.6375,3/13/2019,10:38,Cash,17.75,4.761904762,0.8875,8.6
336-78-2147,Gurgaon,Banglore,Non-Member,Female,Fashion accessories,62.18,10,31.09,652.89,3/13/2019,10:33,UPI,621.8,4.761904762,31.09,6
101-17-6199,Jayanagar,Mumbai,Non-Member,Male,Health and beauty,10.75,8,4.3,90.3,3/13/2019,14:38,UPI,86,4.761904762,4.3,6.2
655-85-5130,Ameerpet,Hyderabad,Non-Member,Female,Electronic accessories,40.26,10,20.13,422.73,3/13/2019,18:06,Credit/Debit card,402.6,4.761904762,20.13,5
585-03-5943,Gurgaon,Banglore,Member,Female,Sports and travel,64.97,5,16.2425,341.0925,3/13/2019,12:52,Credit/Debit card,324.85,4.761904762,16.2425,6.5
316-01-3952,Ameerpet,Hyderabad,Non-Member,Male,Electronic accessories,95.15,1,4.7575,99.9075,3/13/2019,14:00,Cash,95.15,4.761904762,4.7575,6
686-41-0932,Ameerpet,Hyderabad,Member,Female,Electronic accessories,48.62,8,19.448,408.408,3/13/2019,10:57,Cash,388.96,4.761904762,19.448,5
173-57-2300,Jayanagar,Mumbai,Non-Member,Female,Food and beverages,53.21,8,21.284,446.964,3/13/2019,16:45,UPI,425.68,4.761904762,21.284,5
584-66-4073,Gurgaon,Banglore,Non-Member,Female,Fashion accessories,45.44,7,15.904,333.984,3/13/2019,11:15,Cash,318.08,4.761904762,15.904,9.2
137-74-8729,Ameerpet,Hyderabad,Non-Member,Male,Food and beverages,33.88,8,13.552,284.592,3/13/2019,20:29,UPI,271.04,4.761904762,13.552,9.6
808-65-0703,Jayanagar,Mumbai,Member,Male,Health and beauty,96.16,4,19.232,403.872,3/14/2019,20:03,Credit/Debit card,384.64,4.761904762,19.232,8.4
558-80-4082,Jayanagar,Mumbai,Member,Male,Food and beverages,47.16,5,11.79,247.59,3/14/2019,14:35,Credit/Debit card,235.8,4.761904762,11.79,6
442-48-3607,Jayanagar,Mumbai,Non-Member,Male,Electronic accessories,52.89,4,10.578,222.138,3/14/2019,16:32,UPI,211.56,4.761904762,10.578,6.7
115-99-4379,Ameerpet,Hyderabad,Member,Female,Home and lifestyle,47.68,2,4.768,100.128,3/14/2019,10:10,Credit/Debit card,95.36,4.761904762,4.768,4.1
122-61-9553,Gurgaon,Banglore,Member,Male,Sports and travel,10.17,1,0.5085,10.6785,3/14/2019,14:15,Cash,10.17,4.761904762,0.5085,5.9
730-70-9830,Ameerpet,Hyderabad,Non-Member,Female,Health and beauty,68.71,3,10.3065,216.4365,3/14/2019,10:05,Cash,206.13,4.761904762,10.3065,8.7
189-52-0236,Jayanagar,Mumbai,Member,Female,Sports and travel,60.08,7,21.028,441.588,3/14/2019,11:36,Credit/Debit card,420.56,4.761904762,21.028,4.5
174-75-0888,Ameerpet,Hyderabad,Member,Female,Sports and travel,22.01,4,4.402,92.442,3/14/2019,18:15,Credit/Debit card,88.04,4.761904762,4.402,6.6
379-17-6588,Jayanagar,Mumbai,Member,Female,Health and beauty,72.11,9,32.4495,681.4395,3/14/2019,13:53,Credit/Debit card,648.99,4.761904762,32.4495,7.7
373-09-4567,Ameerpet,Hyderabad,Member,Male,Fashion accessories,41.28,3,6.192,130.032,3/14/2019,18:37,Credit/Debit card,123.84,4.761904762,6.192,8.5
840-19-2096,Gurgaon,Banglore,Non-Member,Male,Electronic accessories,64.95,10,32.475,681.975,3/14/2019,18:27,Cash,649.5,4.761904762,32.475,5.2
628-90-8624,Ameerpet,Hyderabad,Member,Female,Electronic accessories,74.22,10,37.11,779.31,3/14/2019,14:42,Credit/Debit card,742.2,4.761904762,37.11,4.3
169-52-4504,Ameerpet,Hyderabad,Non-Member,Male,Electronic accessories,10.56,8,4.224,88.704,3/14/2019,17:43,Cash,84.48,4.761904762,4.224,7.6
210-30-7976,Jayanagar,Mumbai,Non-Member,Male,Health and beauty,62.57,4,12.514,262.794,3/14/2019,18:37,Cash,250.28,4.761904762,12.514,9.5
499-27-7781,Jayanagar,Mumbai,Member,Female,Sports and travel,11.85,8,4.74,99.54,3/14/2019,16:34,Cash,94.8,4.761904762,4.74,4.1
722-13-2115,Ameerpet,Hyderabad,Member,Male,Health and beauty,91.3,1,4.565,95.865,3/14/2019,14:42,UPI,91.3,4.761904762,4.565,9.2
457-12-0244,Jayanagar,Mumbai,Member,Female,Home and lifestyle,40.73,7,14.2555,299.3655,3/14/2019,11:01,UPI,285.11,4.761904762,14.2555,5.4
139-32-4183,Ameerpet,Hyderabad,Non-Member,Male,Fashion accessories,52.38,1,2.619,54.999,3/14/2019,19:44,Cash,52.38,4.761904762,2.619,5.8
273-16-6619,Ameerpet,Hyderabad,Member,Male,Fashion accessories,38.54,5,9.635,202.335,3/15/2019,13:34,UPI,192.7,4.761904762,9.635,5.6
848-62-7243,Jayanagar,Mumbai,Non-Member,Male,Sports and travel,44.63,6,13.389,281.169,3/15/2019,20:08,Credit/Debit card,267.78,4.761904762,13.389,5.1
595-11-5460,Gurgaon,Banglore,Non-Member,Male,Electronic accessories,55.87,10,27.935,586.635,3/15/2019,15:01,Cash,558.7,4.761904762,27.935,5.8
542-41-0513,Gurgaon,Banglore,Member,Female,Sports and travel,29.22,6,8.766,184.086,3/15/2019,11:40,UPI,175.32,4.761904762,8.766,5
760-54-1821,Ameerpet,Hyderabad,Non-Member,Male,Fashion accessories,51.94,3,7.791,163.611,3/15/2019,15:21,Cash,155.82,4.761904762,7.791,7.9
510-09-5628,Jayanagar,Mumbai,Non-Member,Male,Electronic accessories,60.3,1,3.015,63.315,3/15/2019,17:38,Cash,60.3,4.761904762,3.015,6
585-11-6748,Ameerpet,Hyderabad,Member,Female,Sports and travel,39.47,2,3.947,82.887,3/15/2019,16:16,Credit/Debit card,78.94,4.761904762,3.947,5
605-83-1050,Gurgaon,Banglore,Member,Female,Food and beverages,14.87,2,1.487,31.227,3/15/2019,18:15,Credit/Debit card,29.74,4.761904762,1.487,8.9
359-94-5395,Ameerpet,Hyderabad,Non-Member,Male,Fashion accessories,21.32,1,1.066,22.386,3/15/2019,12:43,Cash,21.32,4.761904762,1.066,5.9
565-91-4567,Ameerpet,Hyderabad,Member,Male,Electronic accessories,93.78,3,14.067,295.407,3/15/2019,11:32,Credit/Debit card,281.34,4.761904762,14.067,5.9
361-59-0574,Ameerpet,Hyderabad,Member,Male,Electronic accessories,73.26,1,3.663,76.923,3/15/2019,18:08,UPI,73.26,4.761904762,3.663,9.7
154-87-7367,Gurgaon,Banglore,Non-Member,Female,Sports and travel,22.38,1,1.119,23.499,3/15/2019,17:08,Credit/Debit card,22.38,4.761904762,1.119,8.6
617-15-4209,Gurgaon,Banglore,Member,Female,Food and beverages,72.88,9,32.796,688.716,3/16/2019,19:38,Cash,655.92,4.761904762,32.796,4
575-30-8091,Ameerpet,Hyderabad,Non-Member,Female,Fashion accessories,99.1,6,29.73,624.33,3/16/2019,13:11,Cash,594.6,4.761904762,29.73,4.2
286-43-6208,Ameerpet,Hyderabad,Non-Member,Male,Fashion accessories,74.1,1,3.705,77.805,3/16/2019,11:05,Cash,74.1,4.761904762,3.705,9.2
290-68-2984,Ameerpet,Hyderabad,Non-Member,Female,Fashion accessories,98.48,2,9.848,206.808,3/16/2019,10:12,UPI,196.96,4.761904762,9.848,9.2
578-80-7669,Gurgaon,Banglore,Non-Member,Male,Health and beauty,53.19,7,18.6165,390.9465,3/16/2019,15:42,UPI,372.33,4.761904762,18.6165,5
727-17-0390,Jayanagar,Mumbai,Non-Member,Female,Electronic accessories,52.79,10,26.395,554.295,3/16/2019,11:58,UPI,527.9,4.761904762,26.395,10
701-69-8742,Ameerpet,Hyderabad,Member,Female,Health and beauty,95.95,5,23.9875,503.7375,3/16/2019,14:21,UPI,479.75,4.761904762,23.9875,8.8
210-74-9613,Jayanagar,Mumbai,Non-Member,Female,Fashion accessories,36.51,9,16.4295,345.0195,3/16/2019,10:52,Cash,328.59,4.761904762,16.4295,4.2
711-31-1234,Jayanagar,Mumbai,Non-Member,Male,Food and beverages,21.12,8,8.448,177.408,3/16/2019,19:31,Cash,168.96,4.761904762,8.448,6.3
662-47-5456,Ameerpet,Hyderabad,Member,Female,Home and lifestyle,28.31,4,5.662,118.902,3/17/2019,18:35,Cash,113.24,4.761904762,5.662,8.2
320-32-8842,Jayanagar,Mumbai,Non-Member,Male,Health and beauty,57.59,6,17.277,362.817,3/17/2019,13:51,Cash,345.54,4.761904762,17.277,5.1
642-30-6693,Ameerpet,Hyderabad,Member,Female,Food and beverages,47.63,9,21.4335,450.1035,3/17/2019,12:35,Cash,428.67,4.761904762,21.4335,5
220-68-6701,Gurgaon,Banglore,Member,Female,Home and lifestyle,86.27,1,4.3135,90.5835,3/17/2019,13:24,UPI,86.27,4.761904762,4.3135,7
152-03-4217,Ameerpet,Hyderabad,Member,Male,Sports and travel,12.76,2,1.276,26.796,3/17/2019,18:06,UPI,25.52,4.761904762,1.276,7.8
880-46-5796,Jayanagar,Mumbai,Non-Member,Female,Home and lifestyle,11.28,9,5.076,106.596,3/17/2019,11:55,Credit/Debit card,101.52,4.761904762,5.076,4.3
263-87-5680,Jayanagar,Mumbai,Non-Member,Female,Home and lifestyle,51.07,7,17.8745,375.3645,3/18/2019,11:42,Cash,357.49,4.761904762,17.8745,7
439-54-7422,Ameerpet,Hyderabad,Member,Female,Electronic accessories,79.59,3,11.9385,250.7085,3/18/2019,14:30,Cash,238.77,4.761904762,11.9385,6.6
485-30-8700,Gurgaon,Banglore,Member,Male,Health and beauty,33.81,3,5.0715,106.5015,3/18/2019,15:11,UPI,101.43,4.761904762,5.0715,7.3
413-20-6708,Jayanagar,Mumbai,Member,Male,Sports and travel,90.53,8,36.212,760.452,3/18/2019,14:48,Credit/Debit card,724.24,4.761904762,36.212,6.5
420-04-7590,Gurgaon,Banglore,Member,Female,Health and beauty,62.82,2,6.282,131.922,3/18/2019,12:36,UPI,125.64,4.761904762,6.282,4.9
776-68-1096,Gurgaon,Banglore,Member,Male,Food and beverages,24.31,3,3.6465,76.5765,3/18/2019,19:09,Credit/Debit card,72.93,4.761904762,3.6465,4.3
256-58-3609,Ameerpet,Hyderabad,Non-Member,Male,Sports and travel,64.59,4,12.918,271.278,3/18/2019,13:35,UPI,258.36,4.761904762,12.918,9.3
574-22-5561,Ameerpet,Hyderabad,Member,Male,Food and beverages,24.82,7,8.687,182.427,3/19/2019,10:33,Credit/Debit card,173.74,4.761904762,8.687,7.1
716-39-1409,Gurgaon,Banglore,Non-Member,Male,Fashion accessories,56.5,1,2.825,59.325,3/19/2019,15:45,UPI,56.5,4.761904762,2.825,9.6
568-90-5112,Jayanagar,Mumbai,Member,Female,Electronic accessories,21.43,10,10.715,225.015,3/19/2019,11:51,Cash,214.3,4.761904762,10.715,6.2
831-07-6050,Ameerpet,Hyderabad,Member,Male,Sports and travel,89.06,6,26.718,561.078,3/19/2019,17:26,Cash,534.36,4.761904762,26.718,9.9
850-41-9669,Ameerpet,Hyderabad,Member,Male,Home and lifestyle,23.29,4,4.658,97.818,3/19/2019,11:52,Credit/Debit card,93.16,4.761904762,4.658,5.9
898-04-2717,Gurgaon,Banglore,Non-Member,Male,Home and lifestyle,65.26,8,26.104,548.184,3/19/2019,14:04,UPI,522.08,4.761904762,26.104,6.3
462-78-5240,Gurgaon,Banglore,Member,Male,Fashion accessories,52.35,1,2.6175,54.9675,3/19/2019,17:49,Cash,52.35,4.761904762,2.6175,4
301-81-8610,Jayanagar,Mumbai,Member,Male,Electronic accessories,39.75,1,1.9875,41.7375,3/19/2019,20:19,Cash,39.75,4.761904762,1.9875,6.1
751-69-0068,Ameerpet,Hyderabad,Non-Member,Female,Electronic accessories,90.02,8,36.008,756.168,3/19/2019,16:08,Credit/Debit card,720.16,4.761904762,36.008,4.5
701-23-5550,Jayanagar,Mumbai,Member,Female,Electronic accessories,12.1,8,4.84,101.64,3/19/2019,10:17,UPI,96.8,4.761904762,4.84,8.6
318-81-2368,Jayanagar,Mumbai,Member,Female,Food and beverages,33.21,10,16.605,348.705,3/19/2019,14:25,UPI,332.1,4.761904762,16.605,6
155-45-3814,Gurgaon,Banglore,Member,Female,Fashion accessories,10.18,8,4.072,85.512,3/19/2019,12:51,Credit/Debit card,81.44,4.761904762,4.072,9.5
728-88-7867,Jayanagar,Mumbai,Member,Male,Sports and travel,31.99,10,15.995,335.895,3/19/2019,15:18,Credit/Debit card,319.9,4.761904762,15.995,9.9
737-88-5876,Ameerpet,Hyderabad,Member,Female,Home and lifestyle,34.42,6,10.326,216.846,3/19/2019,12:45,UPI,206.52,4.761904762,10.326,7.5
548-48-3156,Ameerpet,Hyderabad,Member,Female,Food and beverages,83.34,2,8.334,175.014,3/19/2019,13:37,Cash,166.68,4.761904762,8.334,7.6
593-08-5916,Ameerpet,Hyderabad,Non-Member,Male,Sports and travel,45.58,7,15.953,335.013,3/19/2019,10:03,Cash,319.06,4.761904762,15.953,5
142-63-6033,Ameerpet,Hyderabad,Member,Male,Food and beverages,87.9,1,4.395,92.295,3/20/2019,19:42,UPI,87.9,4.761904762,4.395,6.7
213-72-6612,Ameerpet,Hyderabad,Member,Female,Electronic accessories,73.47,10,36.735,771.435,3/20/2019,13:14,UPI,734.7,4.761904762,36.735,9.5
537-72-0426,Gurgaon,Banglore,Non-Member,Female,Fashion accessories,12.19,8,4.876,102.396,3/20/2019,12:47,UPI,97.52,4.761904762,4.876,6.8
828-61-5674,Ameerpet,Hyderabad,Member,Male,Sports and travel,76.92,10,38.46,807.66,3/20/2019,19:53,UPI,769.2,4.761904762,38.46,5.6
650-98-6268,Gurgaon,Banglore,Non-Member,Female,Health and beauty,83.66,5,20.915,439.215,3/20/2019,10:26,Cash,418.3,4.761904762,20.915,7.2
632-32-4574,Jayanagar,Mumbai,Non-Member,Female,Electronic accessories,57.91,8,23.164,486.444,3/20/2019,15:06,Cash,463.28,4.761904762,23.164,8.1
451-28-5717,Gurgaon,Banglore,Member,Female,Fashion accessories,92.49,5,23.1225,485.5725,3/20/2019,16:35,Credit/Debit card,462.45,4.761904762,23.1225,8.6
760-90-2357,Jayanagar,Mumbai,Non-Member,Male,Electronic accessories,28.38,5,7.095,148.995,3/20/2019,20:57,Cash,141.9,4.761904762,7.095,9.4
514-37-2845,Jayanagar,Mumbai,Member,Male,Electronic accessories,50.45,6,15.135,317.835,3/20/2019,15:16,Credit/Debit card,302.7,4.761904762,15.135,8.9
509-29-3912,Jayanagar,Mumbai,Non-Member,Male,Health and beauty,99.16,8,39.664,832.944,3/20/2019,17:47,Credit/Debit card,793.28,4.761904762,39.664,4.2
436-54-4512,Gurgaon,Banglore,Non-Member,Male,Fashion accessories,60.74,7,21.259,446.439,3/20/2019,16:23,UPI,425.18,4.761904762,21.259,5
182-88-2763,Gurgaon,Banglore,Member,Female,Food and beverages,47.27,6,14.181,297.801,3/20/2019,10:17,Cash,283.62,4.761904762,14.181,8.8
574-31-8277,Gurgaon,Banglore,Member,Male,Health and beauty,85.6,7,29.96,629.16,3/20/2019,13:50,Cash,599.2,4.761904762,29.96,5.3
805-86-0265,Ameerpet,Hyderabad,Member,Male,Food and beverages,35.04,9,15.768,331.128,3/20/2019,19:17,UPI,315.36,4.761904762,15.768,4.6
102-06-2002,Gurgaon,Banglore,Member,Female,Electronic accessories,44.84,9,20.178,423.738,3/20/2019,14:00,Credit/Debit card,403.56,4.761904762,20.178,7.5
827-26-2100,Jayanagar,Mumbai,Non-Member,Male,Home and lifestyle,45.97,4,9.194,193.074,3/21/2019,12:02,UPI,183.88,4.761904762,9.194,5.1
512-98-1403,Ameerpet,Hyderabad,Member,Female,Health and beauty,27.73,5,6.9325,145.5825,3/21/2019,20:21,Credit/Debit card,138.65,4.761904762,6.9325,4.2
527-09-6272,Ameerpet,Hyderabad,Non-Member,Male,Food and beverages,11.53,7,4.0355,84.7455,3/21/2019,17:35,Cash,80.71,4.761904762,4.0355,8.1
438-01-4015,Gurgaon,Banglore,Non-Member,Female,Health and beauty,58.32,2,5.832,122.472,3/21/2019,12:42,UPI,116.64,4.761904762,5.832,6
448-61-3783,Gurgaon,Banglore,Member,Female,Home and lifestyle,78.38,4,15.676,329.196,3/21/2019,17:56,Cash,313.52,4.761904762,15.676,7.9
500-02-2261,Gurgaon,Banglore,Non-Member,Male,Health and beauty,84.61,10,42.305,888.405,3/21/2019,18:58,Credit/Debit card,846.1,4.761904762,42.305,8.8
227-03-5010,Jayanagar,Mumbai,Non-Member,Female,Health and beauty,82.88,5,20.72,435.12,3/22/2019,14:08,Credit/Debit card,414.4,4.761904762,20.72,6.6
616-24-2851,Ameerpet,Hyderabad,Member,Female,Food and beverages,79.54,2,7.954,167.034,3/22/2019,16:30,UPI,159.08,4.761904762,7.954,6.2
630-74-5166,Jayanagar,Mumbai,Non-Member,Female,Home and lifestyle,49.01,10,24.505,514.605,3/22/2019,10:44,Credit/Debit card,490.1,4.761904762,24.505,4.2
802-43-8934,Jayanagar,Mumbai,Member,Female,Food and beverages,29.15,3,4.3725,91.8225,3/22/2019,20:29,Credit/Debit card,87.45,4.761904762,4.3725,7.3
472-15-9636,Gurgaon,Banglore,Non-Member,Female,Electronic accessories,56.13,4,11.226,235.746,3/22/2019,11:43,UPI,224.52,4.761904762,11.226,8.6
394-30-3170,Ameerpet,Hyderabad,Non-Member,Female,Home and lifestyle,93.12,8,37.248,782.208,3/22/2019,10:09,Cash,744.96,4.761904762,37.248,6.8
554-53-3790,Ameerpet,Hyderabad,Member,Male,Fashion accessories,51.34,8,20.536,431.256,3/22/2019,10:00,UPI,410.72,4.761904762,20.536,7.6
550-84-8664,Ameerpet,Hyderabad,Member,Female,Food and beverages,99.6,3,14.94,313.74,3/22/2019,18:45,Cash,298.8,4.761904762,14.94,5.8
674-56-6360,Gurgaon,Banglore,Non-Member,Female,Electronic accessories,35.49,6,10.647,223.587,3/22/2019,12:40,Cash,212.94,4.761904762,10.647,4.1
886-18-2897,Gurgaon,Banglore,Member,Male,Sports and travel,42.85,1,2.1425,44.9925,3/22/2019,15:36,Credit/Debit card,42.85,4.761904762,2.1425,9.3
333-73-7901,Ameerpet,Hyderabad,Non-Member,Female,Fashion accessories,94.67,4,18.934,397.614,3/23/2019,12:04,Cash,378.68,4.761904762,18.934,6.8
865-92-6136,Jayanagar,Mumbai,Non-Member,Male,Home and lifestyle,68.97,3,10.3455,217.2555,3/23/2019,11:26,UPI,206.91,4.761904762,10.3455,8.7
608-96-3517,Jayanagar,Mumbai,Member,Female,Electronic accessories,26.26,3,3.939,82.719,3/23/2019,12:36,UPI,78.78,4.761904762,3.939,6.3
407-63-8975,Gurgaon,Banglore,Member,Female,Home and lifestyle,35.79,9,16.1055,338.2155,3/23/2019,15:06,Credit/Debit card,322.11,4.761904762,16.1055,5.1
851-28-6367,Jayanagar,Mumbai,Non-Member,Female,Home and lifestyle,16.37,6,4.911,103.131,3/23/2019,10:58,Cash,98.22,4.761904762,4.911,7
856-22-8149,Gurgaon,Banglore,Member,Female,Home and lifestyle,12.73,2,1.273,26.733,3/23/2019,12:10,Credit/Debit card,25.46,4.761904762,1.273,5.2
795-49-7276,Gurgaon,Banglore,Non-Member,Female,Sports and travel,83.14,7,29.099,611.079,3/23/2019,10:31,Credit/Debit card,581.98,4.761904762,29.099,6.6
386-27-7606,Gurgaon,Banglore,Member,Female,Sports and travel,35.22,6,10.566,221.886,3/23/2019,13:49,UPI,211.32,4.761904762,10.566,6.5
733-29-1227,Jayanagar,Mumbai,Non-Member,Female,Electronic accessories,13.78,4,2.756,57.876,3/23/2019,11:10,UPI,55.12,4.761904762,2.756,9
474-33-8305,Jayanagar,Mumbai,Member,Male,Sports and travel,88.31,1,4.4155,92.7255,3/23/2019,17:38,Credit/Debit card,88.31,4.761904762,4.4155,5.2
884-80-6021,Ameerpet,Hyderabad,Member,Female,Health and beauty,39.62,9,17.829,374.409,3/23/2019,17:54,Credit/Debit card,356.58,4.761904762,17.829,6.8
588-01-7461,Jayanagar,Mumbai,Non-Member,Female,Electronic accessories,88.25,9,39.7125,833.9625,3/24/2019,20:51,Credit/Debit card,794.25,4.761904762,39.7125,7.6
560-30-5617,Jayanagar,Mumbai,Non-Member,Male,Sports and travel,25.31,2,2.531,53.151,3/24/2019,19:26,UPI,50.62,4.761904762,2.531,7.2
593-95-4461,Jayanagar,Mumbai,Non-Member,Male,Home and lifestyle,99.92,6,29.976,629.496,3/24/2019,13:33,UPI,599.52,4.761904762,29.976,7.1
835-16-0096,Gurgaon,Banglore,Member,Female,Fashion accessories,83.35,2,8.335,175.035,3/24/2019,14:05,Credit/Debit card,166.7,4.761904762,8.335,9.5
468-88-0009,Ameerpet,Hyderabad,Non-Member,Female,Food and beverages,74.44,10,37.22,781.62,3/24/2019,11:40,UPI,744.4,4.761904762,37.22,5.1
334-64-2006,Gurgaon,Banglore,Non-Member,Male,Health and beauty,64.08,7,22.428,470.988,3/24/2019,12:27,UPI,448.56,4.761904762,22.428,7.6
725-67-2480,Jayanagar,Mumbai,Non-Member,Female,Home and lifestyle,63.15,6,18.945,397.845,3/24/2019,20:24,UPI,378.9,4.761904762,18.945,9.8
538-22-0304,Gurgaon,Banglore,Member,Male,Home and lifestyle,85.72,3,12.858,270.018,3/24/2019,20:59,UPI,257.16,4.761904762,12.858,5.1
118-62-1812,Gurgaon,Banglore,Non-Member,Female,Health and beauty,78.89,7,27.6115,579.8415,3/24/2019,19:48,UPI,552.23,4.761904762,27.6115,7.5
851-98-3555,Ameerpet,Hyderabad,Non-Member,Female,Sports and travel,89.48,5,22.37,469.77,3/24/2019,10:18,Cash,447.4,4.761904762,22.37,7.4
641-62-7288,Ameerpet,Hyderabad,Member,Female,Health and beauty,92.09,3,13.8135,290.0835,3/24/2019,16:27,Cash,276.27,4.761904762,13.8135,4.2
699-14-3026,Gurgaon,Banglore,Non-Member,Female,Food and beverages,57.29,6,17.187,360.927,3/25/2019,17:04,UPI,343.74,4.761904762,17.187,5.9
362-58-8315,Ameerpet,Hyderabad,Non-Member,Male,Food and beverages,66.52,4,13.304,279.384,3/25/2019,18:14,UPI,266.08,4.761904762,13.304,6.9
340-66-0321,Gurgaon,Banglore,Member,Male,Fashion accessories,99.82,9,44.919,943.299,3/25/2019,10:43,Cash,898.38,4.761904762,44.919,6.6
110-05-6330,Ameerpet,Hyderabad,Non-Member,Female,Home and lifestyle,45.68,10,22.84,479.64,3/25/2019,19:30,UPI,456.8,4.761904762,22.84,5.7
282-35-2475,Ameerpet,Hyderabad,Non-Member,Male,Health and beauty,50.79,5,12.6975,266.6475,3/25/2019,14:53,Credit/Debit card,253.95,4.761904762,12.6975,5.3
134-75-2619,Ameerpet,Hyderabad,Member,Male,Health and beauty,10.08,7,3.528,74.088,3/25/2019,20:14,Cash,70.56,4.761904762,3.528,4.2
156-95-3964,Ameerpet,Hyderabad,Non-Member,Female,Electronic accessories,93.88,7,32.858,690.018,3/25/2019,11:51,Credit/Debit card,657.16,4.761904762,32.858,7.3
366-43-6862,Gurgaon,Banglore,Member,Male,Electronic accessories,84.25,2,8.425,176.925,3/25/2019,14:13,Credit/Debit card,168.5,4.761904762,8.425,5.3
605-03-2706,Jayanagar,Mumbai,Member,Male,Fashion accessories,53.78,1,2.689,56.469,3/25/2019,20:13,UPI,53.78,4.761904762,2.689,4.7
163-56-7055,Gurgaon,Banglore,Member,Male,Home and lifestyle,35.81,5,8.9525,188.0025,3/26/2019,18:44,UPI,179.05,4.761904762,8.9525,7.9
848-24-9445,Jayanagar,Mumbai,Non-Member,Female,Food and beverages,26.43,8,10.572,222.012,3/26/2019,14:26,UPI,211.44,4.761904762,10.572,8.9
411-77-0180,Jayanagar,Mumbai,Member,Male,Health and beauty,39.91,3,5.9865,125.7165,3/26/2019,12:40,UPI,119.73,4.761904762,5.9865,9.3
449-27-2918,Jayanagar,Mumbai,Member,Female,Home and lifestyle,21.9,3,3.285,68.985,3/26/2019,18:43,UPI,65.7,4.761904762,3.285,4.7
734-91-1155,Jayanagar,Mumbai,Member,Female,Food and beverages,62.85,4,12.57,263.97,3/26/2019,13:22,UPI,251.4,4.761904762,12.57,8.7
236-27-1144,Gurgaon,Banglore,Member,Female,Food and beverages,21.04,4,4.208,88.368,3/26/2019,13:58,Cash,84.16,4.761904762,4.208,7.6
797-88-0493,Jayanagar,Mumbai,Member,Male,Home and lifestyle,65.91,6,19.773,415.233,3/26/2019,11:45,Cash,395.46,4.761904762,19.773,5.7
487-79-6868,Ameerpet,Hyderabad,Non-Member,Female,Fashion accessories,42.57,7,14.8995,312.8895,3/26/2019,11:51,Cash,297.99,4.761904762,14.8995,6.8
587-73-4862,Gurgaon,Banglore,Member,Male,Food and beverages,50.49,9,22.7205,477.1305,3/26/2019,17:16,Cash,454.41,4.761904762,22.7205,5.4
760-53-9233,Jayanagar,Mumbai,Non-Member,Male,Electronic accessories,46.02,6,13.806,289.926,3/26/2019,15:55,Cash,276.12,4.761904762,13.806,7.1